{"cameraMode":{"drawMode":0,"name":"Shaded","section":"Shading Mode"},"sceneLighting":false,"audioPlay":false,"sceneViewState":{"m_AlwaysRefresh":false,"showFog":true,"showSkybox":false,"showFlares":true,"showImageEffects":true,"showParticleSystems":true,"showVisualEffectGraphs":true,"m_FxEnabled":true},"in2DMode":false,"pivot":{"x":14.609167098999024,"y":1.177652359008789,"z":4.324502468109131},"rotation":{"x":0.00037594945752061903,"y":-0.9945928454399109,"z":0.10392285138368607,"w":0.0035726444330066444},"size":1.611159086227417,"orthographic":false}