{"cameraMode":{"drawMode":0,"name":"Shaded","section":"Shading Mode"},"sceneLighting":false,"audioPlay":false,"sceneViewState":{"m_AlwaysRefresh":false,"showFog":true,"showSkybox":false,"showFlares":true,"showImageEffects":true,"showParticleSystems":true,"showVisualEffectGraphs":true,"m_FxEnabled":true},"in2DMode":false,"pivot":{"x":-43.768985748291019,"y":4.495581150054932,"z":-1.4642138481140137},"rotation":{"x":0.07841174304485321,"y":0.8939856886863709,"z":-0.17268775403499604,"w":0.40600672364234927},"size":4.851357460021973,"orthographic":false}