{"cameraMode":{"drawMode":0,"name":"Shaded","section":"Shading Mode"},"sceneLighting":false,"audioPlay":false,"sceneViewState":{"m_AlwaysRefresh":false,"showFog":true,"showSkybox":false,"showFlares":true,"showImageEffects":true,"showParticleSystems":true,"showVisualEffectGraphs":true,"m_FxEnabled":true},"in2DMode":false,"pivot":{"x":-3.3095927238464357,"y":0.6006544828414917,"z":-13.443079948425293},"rotation":{"x":-0.0016731342766433955,"y":-0.9970569610595703,"z":0.07402738183736801,"w":-0.022158367559313775},"size":1.4468530416488648,"orthographic":false}